hashed_password,password,thread_count,time_to_crack
559aead08264d5795d3909718cdd05abd49572e84fe55590eef31a88a08fdffd,A,1,297589
559aead08264d5795d3909718cdd05abd49572e84fe55590eef31a88a08fdffd,A,1,174485
559aead08264d5795d3909718cdd05abd49572e84fe55590eef31a88a08fdffd,A,1,176019
559aead08264d5795d3909718cdd05abd49572e84fe55590eef31a88a08fdffd,A,2,294580
559aead08264d5795d3909718cdd05abd49572e84fe55590eef31a88a08fdffd,A,2,1156049
559aead08264d5795d3909718cdd05abd49572e84fe55590eef31a88a08fdffd,A,2,208298
f55ff16f66f43360266b95db6f8fec01d76031054306ae4a4b380598f6cfd114,a1,1,578340
f55ff16f66f43360266b95db6f8fec01d76031054306ae4a4b380598f6cfd114,a1,1,372425
f55ff16f66f43360266b95db6f8fec01d76031054306ae4a4b380598f6cfd114,a1,1,352585
f55ff16f66f43360266b95db6f8fec01d76031054306ae4a4b380598f6cfd114,a1,2,773808
f55ff16f66f43360266b95db6f8fec01d76031054306ae4a4b380598f6cfd114,a1,2,836011
f55ff16f66f43360266b95db6f8fec01d76031054306ae4a4b380598f6cfd114,a1,2,568652
43f02fcda5eca7b6d0d9c9b1fe1b75dfb5fca6b667b8fc5be65efb1804ba93c6,Z9,1,9323407
43f02fcda5eca7b6d0d9c9b1fe1b75dfb5fca6b667b8fc5be65efb1804ba93c6,Z9,1,8849432
43f02fcda5eca7b6d0d9c9b1fe1b75dfb5fca6b667b8fc5be65efb1804ba93c6,Z9,1,9001065
43f02fcda5eca7b6d0d9c9b1fe1b75dfb5fca6b667b8fc5be65efb1804ba93c6,Z9,2,14955472
43f02fcda5eca7b6d0d9c9b1fe1b75dfb5fca6b667b8fc5be65efb1804ba93c6,Z9,2,17127437
43f02fcda5eca7b6d0d9c9b1fe1b75dfb5fca6b667b8fc5be65efb1804ba93c6,Z9,2,16139422
ba7816bf8f01cfea414140de5dae2223b00361a396177a9cb410ff61f20015ad,abc,1,12305722
ba7816bf8f01cfea414140de5dae2223b00361a396177a9cb410ff61f20015ad,abc,1,12369123
ba7816bf8f01cfea414140de5dae2223b00361a396177a9cb410ff61f20015ad,abc,1,13110361
ba7816bf8f01cfea414140de5dae2223b00361a396177a9cb410ff61f20015ad,abc,2,20875845
ba7816bf8f01cfea414140de5dae2223b00361a396177a9cb410ff61f20015ad,abc,2,21573848
ba7816bf8f01cfea414140de5dae2223b00361a396177a9cb410ff61f20015ad,abc,2,41981869
559eba0934f96a31b4689948cc3f7af12183fd412b83fb969156954e701ae4f8,a)d(,1,1711065718
559eba0934f96a31b4689948cc3f7af12183fd412b83fb969156954e701ae4f8,a)d(,1,1698304249
559eba0934f96a31b4689948cc3f7af12183fd412b83fb969156954e701ae4f8,a)d(,1,1766142678
559eba0934f96a31b4689948cc3f7af12183fd412b83fb969156954e701ae4f8,a)d(,2,3260016552
559eba0934f96a31b4689948cc3f7af12183fd412b83fb969156954e701ae4f8,a)d(,2,3138229758
559eba0934f96a31b4689948cc3f7af12183fd412b83fb969156954e701ae4f8,a)d(,2,2986764945
07e939df996bb2c3f0feb5cc59945d39e3e37aed63560f37dc3e91bfd261fc2a,JHk(,1,31845723890
07e939df996bb2c3f0feb5cc59945d39e3e37aed63560f37dc3e91bfd261fc2a,JHk(,1,31940493754
07e939df996bb2c3f0feb5cc59945d39e3e37aed63560f37dc3e91bfd261fc2a,JHk(,1,31819866054
07e939df996bb2c3f0feb5cc59945d39e3e37aed63560f37dc3e91bfd261fc2a,JHk(,2,55820387769
07e939df996bb2c3f0feb5cc59945d39e3e37aed63560f37dc3e91bfd261fc2a,JHk(,2,56613278595
07e939df996bb2c3f0feb5cc59945d39e3e37aed63560f37dc3e91bfd261fc2a,JHk(,2,56458753699
